<?xml version="1.0" encoding="UTF-8"?>
<!DOCTYPE suite SYSTEM "https://testng.org/testng-1.0.dtd">
<suite name="Suite">
	<test thread-count="5" name="Test">
		<classes>


			<class name="Assign1.NewTest">
				<methods>
					<include name='Test1' />
					<include name='Test2' />
				</methods>
			</class>

			<class name="Assign1.NewTest2">

				<methods>
					<include name='Test3' />
					<include name='Test4' />
				</methods>

			</class>


		</classes>
	</test> <!--
	Test -->
</suite> <!--
Suite -->
